request_id,arrival_s,origin_floor,destination_floor,passengers,nearest_elevator,nearest_pickup_s,nearest_dropoff_s,nearest_wait_s,optimized_elevator,optimized_pickup_s,optimized_dropoff_s,optimized_wait_s
1.000,180.000,1.000,8.000,1.000,0.000,188.000,215.600,8.000,0.000,188.000,215.600,8.000
2.000,200.000,1.000,4.000,1.000,1.000,208.000,224.400,8.000,1.000,208.000,224.400,8.000
3.000,235.000,1.000,10.000,1.000,2.000,243.000,276.200,8.000,2.000,243.000,276.200,8.000
4.000,260.000,1.000,9.000,1.000,3.000,268.000,298.400,8.000,3.000,268.000,298.400,8.000
5.000,290.000,1.000,6.000,2.000,1.000,306.400,328.400,16.400,1.000,306.400,328.400,16.400
6.000,300.000,1.000,13.000,2.000,1.000,350.400,392.000,50.400,0.000,327.600,369.200,27.600
7.000,345.000,1.000,4.000,2.000,0.000,372.600,389.000,27.600,1.000,367.000,383.400,22.000
8.000,350.000,1.000,3.000,1.000,0.000,405.400,419.000,55.400,3.000,380.400,394.000,30.400
9.000,365.000,1.000,8.000,1.000,0.000,432.600,460.200,67.600,2.000,398.200,425.800,33.200
10.000,380.000,1.000,10.000,1.000,3.000,410.400,443.600,30.400,1.000,399.800,433.000,19.800
11.000,395.000,1.000,15.000,1.000,0.000,487.800,535.000,92.800,3.000,408.600,455.800,13.600
12.000,395.000,1.000,13.000,1.000,2.000,428.200,469.800,33.200,0.000,436.600,478.200,41.600
13.000,395.000,1.000,11.000,1.000,3.000,476.800,512.800,81.800,2.000,453.400,489.400,58.400
14.000,400.000,1.000,3.000,2.000,1.000,441.600,455.200,41.600,1.000,466.200,479.800,66.200
15.000,420.000,1.000,9.000,1.000,1.000,468.800,499.200,48.800,1.000,493.400,523.800,73.400
16.000,425.000,1.000,3.000,1.000,1.000,529.600,543.200,104.600,3.000,503.000,516.600,78.000
17.000,430.000,1.000,16.000,1.000,1.000,556.800,606.800,126.800,3.000,530.200,580.200,100.200
18.000,440.000,1.000,13.000,1.000,3.000,548.800,590.400,108.800,0.000,519.800,561.400,79.800
19.000,445.000,1.000,16.000,1.000,2.000,511.400,561.400,66.400,2.000,525.400,575.400,80.400
20.000,450.000,1.000,7.000,1.000,3.000,632.000,656.800,182.000,1.000,554.200,579.000,104.200
21.000,485.000,1.000,9.000,1.000,3.000,681.600,712.000,196.600,1.000,603.800,634.200,118.800
22.000,490.000,1.000,12.000,3.000,3.000,742.400,781.200,252.400,0.000,603.000,641.800,113.000
23.000,495.000,1.000,4.000,2.000,0.000,582.200,598.600,87.200,2.000,625.400,641.800,130.400
24.000,500.000,1.000,9.000,1.000,0.000,615.000,645.400,115.000,3.000,630.200,660.600,130.200
25.000,515.000,1.000,14.000,2.000,0.000,675.800,720.200,160.800,2.000,658.200,702.600,143.200
26.000,515.000,1.000,7.000,1.000,2.000,611.400,636.200,96.400,1.000,664.600,689.400,149.600
27.000,520.000,1.000,14.000,1.000,2.000,661.000,705.400,141.000,0.000,680.600,725.000,160.600
28.000,525.000,1.000,3.000,1.000,3.000,820.000,833.600,295.000,3.000,691.000,704.600,166.000
29.000,540.000,1.000,15.000,2.000,3.000,847.200,894.400,307.200,3.000,718.200,765.400,178.200
30.000,565.000,1.000,5.000,2.000,2.000,749.800,769.000,184.800,1.000,714.200,733.400,149.200
31.000,565.000,1.000,12.000,1.000,2.000,788.200,827.000,223.200,1.000,752.600,791.400,187.600
32.000,570.000,1.000,16.000,3.000,1.000,656.800,706.800,86.800,2.000,747.000,797.000,177.000
33.000,570.000,1.000,3.000,2.000,0.000,764.600,778.200,194.600,0.000,769.400,783.000,199.400
34.000,575.000,1.000,6.000,1.000,0.000,791.800,813.800,216.800,0.000,796.600,818.600,221.600
35.000,585.000,1.000,14.000,1.000,0.000,835.800,880.200,250.800,3.000,812.600,857.000,227.600
36.000,590.000,1.000,8.000,1.000,2.000,865.800,893.400,275.800,1.000,830.200,857.800,240.200
37.000,600.000,1.000,8.000,1.000,2.000,921.000,948.600,321.000,0.000,840.600,868.200,240.600
38.000,610.000,1.000,9.000,1.000,2.000,976.200,1006.600,366.200,2.000,847.000,877.400,237.000
39.000,645.000,1.000,14.000,1.000,2.000,1037.000,1081.400,392.000,1.000,885.400,929.800,240.400
40.000,650.000,1.000,4.000,2.000,1.000,756.800,773.200,106.800,0.000,895.800,912.200,245.800
41.000,690.000,1.000,8.000,2.000,1.000,789.600,817.200,99.600,3.000,901.400,929.000,211.400
42.000,730.000,1.000,6.000,1.000,1.000,844.800,866.800,114.800,2.000,907.800,929.800,177.800
43.000,1030.000,1.000,13.000,1.000,1.000,1052.000,1093.600,22.000,0.000,1046.400,1088.000,16.400
44.000,1050.000,11.000,1.000,1.000,0.000,1066.400,1102.400,16.400,1.000,1066.400,1102.400,16.400
45.000,1065.000,1.000,15.000,1.000,0.000,1110.400,1157.600,45.400,2.000,1087.000,1134.200,22.000
46.000,1130.000,7.000,1.000,2.000,1.000,1154.800,1179.600,24.800,3.000,1140.800,1165.600,10.800
47.000,1150.000,6.000,16.000,1.000,1.000,1201.600,1237.600,51.600,1.000,1172.000,1208.000,22.000
48.000,1155.000,1.000,6.000,2.000,2.000,1199.400,1221.400,44.400,3.000,1173.600,1195.600,18.600
49.000,1155.000,6.000,1.000,1.000,2.000,1229.400,1251.400,74.400,0.000,1182.600,1204.600,27.600
50.000,1170.000,13.000,1.000,1.000,3.000,1183.600,1225.200,13.600,2.000,1183.600,1225.200,13.600
51.000,1170.000,1.000,7.000,1.000,3.000,1233.200,1258.000,63.200,0.000,1212.600,1237.400,42.600
52.000,1225.000,1.000,10.000,1.000,2.000,1259.400,1292.600,34.400,2.000,1233.200,1266.400,8.200
53.000,1225.000,1.000,15.000,2.000,3.000,1282.800,1330.000,57.800,3.000,1247.000,1294.200,22.000
54.000,1240.000,6.000,8.000,1.000,2.000,1311.800,1325.400,71.800,0.000,1250.800,1264.400,10.800
55.000,1310.000,1.000,16.000,1.000,2.000,1353.000,1403.000,43.000,0.000,1337.600,1387.600,27.600
56.000,1310.000,15.000,16.000,2.000,0.000,1318.000,1328.800,8.000,3.000,1318.000,1328.800,8.000
57.000,1325.000,5.000,1.000,1.000,3.000,1366.000,1385.200,41.000,2.000,1347.000,1366.200,22.000
58.000,1325.000,8.000,1.000,1.000,0.000,1359.200,1386.800,34.200,1.000,1355.400,1383.000,30.400
59.000,1345.000,1.000,5.000,1.000,0.000,1394.800,1414.000,49.800,2.000,1374.200,1393.400,29.200
60.000,1360.000,1.000,5.000,2.000,3.000,1393.200,1412.400,33.200,1.000,1391.000,1410.200,31.000
61.000,1420.000,1.000,4.000,1.000,0.000,1439.200,1455.600,19.200,1.000,1439.200,1455.600,19.200
62.000,1465.000,4.000,8.000,1.000,0.000,1473.000,1492.200,8.000,1.000,1473.000,1492.200,8.000
63.000,1480.000,1.000,13.000,1.000,3.000,1499.200,1540.800,19.200,2.000,1499.200,1540.800,19.200
64.000,1515.000,11.000,1.000,1.000,3.000,1554.400,1590.400,39.400,1.000,1531.400,1567.400,16.400
65.000,1880.000,11.000,1.000,1.000,0.000,1896.400,1932.400,16.400,2.000,1893.600,1929.600,13.600
66.000,1885.000,1.000,10.000,3.000,3.000,1893.000,1926.200,8.000,1.000,1893.000,1926.200,8.000
67.000,1930.000,1.000,12.000,1.000,0.000,1940.400,1979.200,10.400,2.000,1938.000,1976.800,8.000
68.000,1970.000,11.000,1.000,1.000,0.000,1990.000,2026.000,20.000,1.000,1980.800,2016.800,10.800
69.000,1985.000,1.000,4.000,1.000,0.000,2034.000,2050.400,49.000,1.000,2024.800,2041.200,39.800
70.000,2020.000,1.000,6.000,2.000,0.000,2066.800,2088.800,46.800,1.000,2057.600,2079.600,37.600
71.000,2035.000,1.000,3.000,1.000,0.000,2110.800,2124.400,75.800,2.000,2073.800,2087.400,38.800
72.000,2035.000,1.000,6.000,1.000,0.000,2138.000,2160.000,103.000,3.000,2085.000,2107.000,50.000
73.000,2085.000,1.000,6.000,1.000,0.000,2182.000,2204.000,97.000,2.000,2101.000,2123.000,16.000
74.000,2115.000,1.000,5.000,1.000,0.000,2226.000,2245.200,111.000,3.000,2137.000,2156.200,22.000
75.000,2115.000,6.000,1.000,1.000,0.000,2256.000,2278.000,141.000,1.000,2123.000,2145.000,8.000
76.000,2125.000,1.000,7.000,2.000,0.000,2286.000,2310.800,161.000,2.000,2147.000,2171.800,22.000
77.000,2130.000,8.000,1.000,1.000,3.000,2143.600,2171.200,13.600,0.000,2160.400,2188.000,30.400
78.000,2165.000,1.000,5.000,1.000,3.000,2179.200,2198.400,14.200,1.000,2173.000,2192.200,8.000
79.000,2190.000,1.000,10.000,1.000,3.000,2217.600,2250.800,27.600,0.000,2198.000,2231.200,8.000
80.000,2210.000,13.000,1.000,1.000,1.000,2226.400,2268.000,16.400,2.000,2234.800,2276.400,24.800
81.000,2210.000,7.000,4.000,3.000,0.000,2318.800,2335.200,108.800,3.000,2223.600,2240.000,13.600
82.000,2225.000,1.000,6.000,1.000,1.000,2276.000,2298.000,51.000,1.000,2244.200,2266.200,19.200
83.000,2230.000,1.000,12.000,2.000,0.000,2351.600,2390.400,121.600,3.000,2256.400,2295.200,26.400
84.000,2235.000,3.000,9.000,2.000,1.000,2314.400,2339.200,79.400,0.000,2262.600,2287.400,27.600
85.000,2245.000,1.000,7.000,1.000,3.000,2284.000,2308.800,39.000,2.000,2284.400,2309.200,39.400
86.000,2250.000,1.000,9.000,1.000,3.000,2333.600,2364.000,83.600,1.000,2288.200,2318.600,38.200
87.000,2260.000,1.000,11.000,1.000,1.000,2369.600,2405.600,109.600,0.000,2317.800,2353.800,57.800
88.000,2260.000,15.000,3.000,1.000,2.000,2270.800,2312.400,10.800,3.000,2311.600,2353.200,51.600
89.000,2265.000,1.000,3.000,1.000,2.000,2326.000,2339.600,61.000,2.000,2334.000,2347.600,69.000
90.000,2270.000,8.000,2.000,1.000,3.000,2374.800,2399.600,104.800,1.000,2329.400,2354.200,59.400
91.000,2270.000,1.000,3.000,1.000,2.000,2353.200,2366.800,83.200,2.000,2361.200,2374.800,91.200
92.000,2290.000,6.000,1.000,1.000,2.000,2383.200,2405.200,93.200,3.000,2369.600,2391.600,79.600
93.000,2290.000,1.000,7.000,1.000,2.000,2413.200,2438.000,123.200,1.000,2365.000,2389.800,75.000
94.000,2320.000,1.000,12.000,3.000,3.000,2410.400,2449.200,90.400,2.000,2388.400,2427.200,68.400
95.000,2385.000,1.000,7.000,2.000,2.000,2462.800,2487.600,77.800,3.000,2399.600,2424.400,14.600
96.000,2455.000,14.000,12.000,1.000,0.000,2468.600,2482.200,13.600,0.000,2471.400,2485.000,16.400
97.000,2460.000,13.000,1.000,1.000,3.000,2470.800,2512.400,10.800,2.000,2470.800,2512.400,10.800
98.000,2505.000,10.000,16.000,1.000,1.000,2515.800,2540.600,10.800,0.000,2518.600,2543.400,13.600
