text,true_label,predicted_label
gradient result gradient sample project training matrix loss,algorithm,algorithm
training sample training training method model texture task training,algorithm,algorithm
loss data model gradient model system task feature,algorithm,algorithm
vector feature project weight weight vector sample project,algorithm,algorithm
gradient loss training result feature loss analysis data,algorithm,algorithm
feature training task matrix pixel vector loss method result,algorithm,algorithm
loss loss project loss result training project gradient,algorithm,algorithm
result system system matrix weight feature loss edge training,algorithm,algorithm
task vector project weight sensor vector loss gradient system,algorithm,algorithm
project gradient task vector weight gradient gradient analysis,algorithm,algorithm
training gradient image matrix task method model gradient data,algorithm,algorithm
method loss training result loss result training loss path,algorithm,algorithm
method task gradient model data model sensor feature vector,algorithm,algorithm
matrix model segmentation training analysis loss method task weight,algorithm,algorithm
task matrix matrix method vector data feature vector,algorithm,algorithm
gradient task weight method gradient sample gradient model,algorithm,algorithm
matrix task training feature training vector task task texture,algorithm,algorithm
result vector gradient analysis weight model loss analysis,algorithm,algorithm
task result feature matrix task matrix vector training,algorithm,algorithm
method weight system weight matrix matrix weight motion method,algorithm,algorithm
model matrix result weight project vector matrix system segmentation,algorithm,algorithm
training loss weight data task matrix result filter matrix,algorithm,algorithm
task task model result matrix gradient vector vector,algorithm,algorithm
model sample sample training project weight training matrix,algorithm,algorithm
feature data result loss training model method weight,algorithm,algorithm
gradient loss weight vector method model task edge task,algorithm,algorithm
system project loss model project vector loss gradient,algorithm,algorithm
system training pixel model analysis model matrix result loss,algorithm,algorithm
training training vector task training matrix object task task,algorithm,algorithm
sample training analysis system training feature loss gradient,algorithm,algorithm
gradient method data matrix path weight matrix sample matrix,algorithm,algorithm
matrix pixel system vector gradient vector analysis feature project,algorithm,algorithm
matrix sample vector vector loss data data gradient,algorithm,algorithm
training feature task training analysis gradient feature result,algorithm,algorithm
training project analysis analysis loss vector gradient gradient,algorithm,algorithm
navigation result navigation method arm sample motion motion matrix,robotics,robotics
arm joint system method robot motion robot result,robotics,robotics
sensor arm system sample method control sensor arm,robotics,robotics
vector sample control robot task path motion joint project,robotics,robotics
robot project sensor task robot analysis camera joint control,robotics,robotics
analysis robot path data robot arm result arm,robotics,robotics
motion navigation path system project task sensor control,robotics,robotics
arm project analysis navigation motion data sensor sensor,robotics,robotics
task sample arm joint sensor data navigation motion,robotics,robotics
motion task sensor result navigation project joint control,robotics,robotics
sensor arm loss arm control robot result project data,robotics,robotics
analysis analysis joint motion robot system sensor control segmentation,robotics,robotics
analysis motion model system robot sensor analysis control joint,robotics,robotics
motion sample navigation sample pixel robot analysis path path,robotics,robotics
project motion task method sensor robot navigation joint,robotics,robotics
robot path sensor project sensor sample method navigation,robotics,robotics
method project path arm model control robot sensor result,robotics,robotics
navigation navigation project motion image task data sensor arm,robotics,robotics
sensor path texture control sensor task sample arm system,robotics,robotics
navigation path task arm arm sensor method sample,robotics,robotics
robot control method analysis feature joint motion task arm,robotics,robotics
result analysis vector sensor motion control system navigation motion,robotics,robotics
method robot joint control motion filter sample arm sample,robotics,robotics
sensor control task method path pixel motion motion task,robotics,robotics
control motion analysis navigation control task navigation project,robotics,robotics
sensor control data project sensor robot path project,robotics,robotics
path sensor arm control project sample data navigation,robotics,robotics
sample sensor navigation control robot arm data task texture,robotics,robotics
matrix task robot joint task result motion navigation robot,robotics,robotics
sensor arm task navigation camera motion data system navigation,robotics,robotics
pixel result navigation joint motion motion motion project method,robotics,robotics
method motion matrix project motion motion motion result path,robotics,robotics
joint joint joint motion method sensor sample data,robotics,robotics
sensor arm project sample navigation motion camera method arm,robotics,robotics
joint method robot control motion path result result,robotics,robotics
image method method sample pixel pixel segmentation segmentation,vision,vision
texture result pixel segmentation project segmentation texture method,vision,vision
task analysis edge edge texture edge result pixel,vision,vision
pixel sample control camera camera task filter result object,vision,vision
filter sample texture texture object texture data analysis,vision,vision
image image filter project project filter sample image,vision,vision
edge pixel data segmentation project edge path analysis object,vision,vision
task image pixel camera project segmentation texture data,vision,vision
filter object filter segmentation analysis system navigation project image,vision,vision
data project edge system segmentation edge segmentation image,vision,vision
edge camera image method camera texture data data,vision,vision
filter filter method texture task pixel system image,vision,vision
sample filter camera method project edge texture object,vision,vision
texture pixel task task segmentation system edge edge,vision,vision
edge image edge method edge object method method,vision,vision
data project texture camera filter filter filter analysis,vision,vision
camera method filter joint project object camera task segmentation,vision,vision
camera data object texture sample method camera segmentation,vision,vision
analysis pixel project filter vector filter edge sample filter,vision,vision
data image object image texture sample system pixel,vision,vision
method camera image camera filter sample method filter,vision,vision
project result camera texture edge object segmentation data,vision,vision
filter method image pixel system segmentation task filter,vision,vision
system filter task object edge sample texture edge,vision,vision
result analysis filter texture method pixel object pixel,vision,vision
texture pixel data camera image result sample weight camera,vision,vision
filter segmentation pixel system result segmentation texture system,vision,vision
task pixel edge system segmentation method filter edge,vision,vision
control project texture segmentation camera analysis object filter data,vision,vision
analysis edge project object image segmentation method texture,vision,vision
edge project project image segmentation image result texture,vision,vision
edge sample edge image task texture camera sample,vision,vision
vector data edge data pixel segmentation task pixel texture,vision,vision
pixel project analysis edge object pixel texture data,vision,vision
texture pixel edge analysis filter method task camera,vision,vision
